Workbook

Sheet Sheet1
A1: Task | B1: Task (If Other) | C1: Workstream | D1: Workstream (If Other) | E1: Category | F1: Start Date | G1: End Date | H1: Dependency | I1: Type | J1: Status | K1: ACN Owner | L1: Client Owner | M1: Comments
C2: =IF(A2="","",IFERROR(_xlfn.XLOOKUP(A2,'Default Tasks'!$A$1:$A$37,'Default Tasks'!$C$1:$C$37),"")) | I2: =IF(A2="","",IFERROR(_xlfn.XLOOKUP(A2,'Default Tasks'!$A$1:$A$37,'Default Tasks'!$B$1:$B$37),""))
C3: =IF(A3="","",IFERROR(_xlfn.XLOOKUP(A3,'Default Tasks'!$A$1:$A$37,'Default Tasks'!$C$1:$C$37),"")) | I3: =IF(A3="","",IFERROR(_xlfn.XLOOKUP(A3,'Default Tasks'!$A$1:$A$37,'Default Tasks'!$B$1:$B$37),""))
C4: =IF(A4="","",IFERROR(_xlfn.XLOOKUP(A4,'Default Tasks'!$A$1:$A$37,'Default Tasks'!$C$1:$C$37),"")) | I4: =IF(A4="","",IFERROR(_xlfn.XLOOKUP(A4,'Default Tasks'!$A$1:$A$37,'Default Tasks'!$B$1:$B$37),""))
C5: =IF(A5="","",IFERROR(_xlfn.XLOOKUP(A5,'Default Tasks'!$A$1:$A$37,'Default Tasks'!$C$1:$C$37),"")) | I5: =IF(A5="","",IFERROR(_xlfn.XLOOKUP(A5,'Default Tasks'!$A$1:$A$37,'Default Tasks'!$B$1:$B$37),""))
C6: =IF(A6="","",IFERROR(_xlfn.XLOOKUP(A6,'Default Tasks'!$A$1:$A$37,'Default Tasks'!$C$1:$C$37),"")) | I6: =IF(A6="","",IFERROR(_xlfn.XLOOKUP(A6,'Default Tasks'!$A$1:$A$37,'Default Tasks'!$B$1:$B$37),""))
C7: =IF(A7="","",IFERROR(_xlfn.XLOOKUP(A7,'Default Tasks'!$A$1:$A$37,'Default Tasks'!$C$1:$C$37),"")) | I7: =IF(A7="","",IFERROR(_xlfn.XLOOKUP(A7,'Default Tasks'!$A$1:$A$37,'Default Tasks'!$B$1:$B$37),""))
C8: =IF(A8="","",IFERROR(_xlfn.XLOOKUP(A8,'Default Tasks'!$A$1:$A$37,'Default Tasks'!$C$1:$C$37),"")) | I8: =IF(A8="","",IFERROR(_xlfn.XLOOKUP(A8,'Default Tasks'!$A$1:$A$37,'Default Tasks'!$B$1:$B$37),""))
C9: =IF(A9="","",IFERROR(_xlfn.XLOOKUP(A9,'Default Tasks'!$A$1:$A$37,'Default Tasks'!$C$1:$C$37),"")) | I9: =IF(A9="","",IFERROR(_xlfn.XLOOKUP(A9,'Default Tasks'!$A$1:$A$37,'Default Tasks'!$B$1:$B$37),""))
C10: =IF(A10="","",IFERROR(_xlfn.XLOOKUP(A10,'Default Tasks'!$A$1:$A$37,'Default Tasks'!$C$1:$C$37),"")) | I10: =IF(A10="","",IFERROR(_xlfn.XLOOKUP(A10,'Default Tasks'!$A$1:$A$37,'Default Tasks'!$B$1:$B$37),""))
C11: =IF(A11="","",IFERROR(_xlfn.XLOOKUP(A11,'Default Tasks'!$A$1:$A$37,'Default Tasks'!$C$1:$C$37),"")) | I11: =IF(A11="","",IFERROR(_xlfn.XLOOKUP(A11,'Default Tasks'!$A$1:$A$37,'Default Tasks'!$B$1:$B$37),""))
C12: =IF(A12="","",IFERROR(_xlfn.XLOOKUP(A12,'Default Tasks'!$A$1:$A$37,'Default Tasks'!$C$1:$C$37),"")) | I12: =IF(A12="","",IFERROR(_xlfn.XLOOKUP(A12,'Default Tasks'!$A$1:$A$37,'Default Tasks'!$B$1:$B$37),""))
C13: =IF(A13="","",IFERROR(_xlfn.XLOOKUP(A13,'Default Tasks'!$A$1:$A$37,'Default Tasks'!$C$1:$C$37),"")) | I13: =IF(A13="","",IFERROR(_xlfn.XLOOKUP(A13,'Default Tasks'!$A$1:$A$37,'Default Tasks'!$B$1:$B$37),""))
... C100: =IF(A100="","",IFERROR(_xlfn.XLOOKUP(A100,'Default Tasks'!$A$1:$A$37,'Default Tasks'!$C$1:$C$37),"")) | I100: =IF(A100="","",IFERROR(_xlfn.XLOOKUP(A100,'Default Tasks'!$A$1:$A$37,'Default Tasks'!$B$1:$B$37),""))

Sheet Sheet2
A1: Joint Alignment | B1: Request for Proposal (RFP) Release | C1: Activity | D1: External | E1: Not Started
A2: Deliverables | B2: Finalize Pursuit Team | C2: Milestone | D2: Internal | E2: In Progress
A3: Solutioning | B3: Compile Client Questions | E3: At Risk
A4: Commercials | B4: Submit Questions to Client | E4: Completed
A5: Approvals | B5: Competitive Win Strategy Session
A6: Contracting | B6: Initial Solution Discussion
A7: Other | B7: Initial Pricing
B8: Engage Client Rate Card Team
B9: Quality Assurance (QA) Review
B10: New Business Management (NBM) Stage 1
B11: Response Draft
B12: Rate Card Approval
B13: Indicative Pricing Review
B14: Indicative Pricing Submission
B15: Client Meeting
B16: Solution Review
B17: Solution Approval
B18: Updated Pricing
B19: Pricing Review
... B38: Other

Sheet Default Tasks
A1: Request for Proposal (RFP) Release | B1: External | C1: Joint Alignment
A2: Finalize Pursuit Team | B2: Internal | C2: Deliverables
A3: Compile Client Questions | B3: Internal | C3: Deliverables
A4: Submit Questions to Client | B4: External | C4: Deliverables
A5: Competitive Win Strategy Session | B5: Internal | C5: Deliverables
A6: Initial Solution Discussion | B6: Internal | C6: Solutioning
A7: Initial Pricing | B7: Internal | C7: Commercials
A8: Engage Client Rate Card Team | B8: Internal | C8: Commercials
A9: Quality Assurance (QA) Review | B9: Internal | C9: Solutioning
A10: New Business Management (NBM) Stage 1 | B10: Internal | C10: Approvals
A11: Response Draft | B11: Internal | C11: Deliverables
A12: Rate Card Approval | B12: Internal | C12: Commercials
... A37: Accenture Contract Signing | B37: Internal | C37: Contracting
